<?xml version="1.0" encoding="UTF-8"?>
<panel version="14">
 <properties>
  <prop name="Name">
   <prop name="de_AT.utf8"></prop>
  </prop>
  <prop name="Size">514 355</prop>
  <prop name="BackColor">tp_panelBack</prop>
  <prop name="RefPoint">25 39</prop>
  <prop name="InitAndTermRef">True</prop>
  <prop name="SendClick">False</prop>
  <prop name="RefFileName"></prop>
  <prop name="DPI">96</prop>
  <prop name="PDPI">95.95804195804195</prop>
  <prop name="layoutType">None</prop>
 </properties>
 <shapes>
  <shape Name="RECTANGLE1" layerId="0" shapeType="RECTANGLE">
   <properties>
    <prop name="serialId">0</prop>
    <prop name="Type"></prop>
    <prop name="RefPoint">1220 290</prop>
    <prop name="Enable">True</prop>
    <prop name="Visible">True</prop>
    <prop name="ForeColor">_Transparent</prop>
    <prop name="BackColor">tp_templateBack</prop>
    <prop name="TabOrder">0</prop>
    <prop name="ToolTipText">
     <prop name="de_AT.utf8"></prop>
    </prop>
    <prop name="layoutAlignment">AlignNone</prop>
    <prop name="snapMode">Point</prop>
    <prop name="DashBackColor">_Transparent</prop>
    <prop name="AntiAliased">False</prop>
    <prop name="LineType">[solid,oneColor,JoinBevel,CapProjecting,1]</prop>
    <prop name="BorderZoomable">False</prop>
    <prop name="BorderScalable">False</prop>
    <prop name="FillType">[solid]</prop>
    <prop name="Geometry">1 0 0 1 -1180 -260</prop>
    <prop name="BorderStyle">Normal</prop>
    <prop name="Location">1220 290</prop>
    <prop name="Size">401 251</prop>
    <prop name="CornerRadius">0</prop>
    <prop name="Transformable">True</prop>
   </properties>
  </shape>
  <shape Name="PUSH_BUTTON4" layerId="0" shapeType="PUSH_BUTTON">
   <properties>
    <prop name="serialId">1</prop>
    <prop name="Type">con_Style1</prop>
    <prop name="RefPoint">80 227</prop>
    <prop name="Enable">True</prop>
    <prop name="Visible">True</prop>
    <prop name="ForeColor">tp_buttonText</prop>
    <prop name="BackColor">tp_buttonBack</prop>
    <prop name="TabOrder">1</prop>
    <prop name="ToolTipText">
     <prop name="de_AT.utf8"></prop>
    </prop>
    <prop name="layoutAlignment">AlignNone</prop>
    <prop name="snapMode">Point</prop>
    <prop name="Font">
     <prop name="de_AT.utf8">Arial,-1,16,5,400,0,0,0,0,0,0,0,0,0,0,1,Regular</prop>
     <prop name="en_US.utf8">Arial,-1,16,5,400,0,0,0,0,0,0,0,0,0,0,1,Regular</prop>
    </prop>
    <prop name="Location">80 211.8333333333333</prop>
    <prop name="Size">321 40</prop>
    <prop name="BorderStyle">Styled</prop>
    <prop name="Text">
     <prop name="de_AT.utf8">Erzeuge oder aktualisiere Device</prop>
     <prop name="en_US.utf8">Create or update Device</prop>
    </prop>
   </properties>
   <events>
    <script isEscaped="1" name="Clicked"><![CDATA[main(mapping event)
{
  string deviceType = &quot;em_Energymeter&quot;;

  int err;

  string newDeviceName = deviceName.text;
  string newDeviceTopicName = deviceTopic.text;
  string newDeviceTopicPrefix = devicePrefix.text;


  nameCheck(newDeviceName);

  if ((newDeviceName != &quot;&quot;) &amp;&amp; (newDeviceTopicName != &quot;&quot;) &amp;&amp; (newDeviceTopicPrefix != &quot;&quot;))
  {

    dpCopy(&quot;_mp_&quot; +  deviceType, newDeviceName, err);
    string query = &quot;SELECT '_online.._value' FROM '&quot; + newDeviceName + &quot;.**.input*' WHERE _DPT = \&quot;em_Energymeter\&quot;&quot;;


    dyn_dyn_anytype tab;
    dpQuery(query, tab);

    for (int i = 2; i &lt;= dynlen(tab); i++)
    {
      string dpe = dpSubStr(tab[i][1], DPSUB_DP_EL);
      string dp = dpSubStr(tab[i][1], DPSUB_DP);

      string configDp = dpe;
      strreplace(configDp, dp + &quot;.&quot;, &quot;&quot;);
      strreplace(configDp, &quot;.&quot;, &quot;|&quot;);
      configDp = &quot;_&quot; + dpTypeName(newDeviceName) + &quot;|&quot; + configDp;

      DebugN(dpe, configDp);
      string topicPostfix;
      dpGet(configDp + &quot;.postfix&quot;, topicPostfix);

      DebugN(dpe, configDp, newDeviceTopicPrefix + newDeviceTopicName + topicPostfix);

      em_createDistrib(dpe, (char)1);

      em_createSubscribeAddressMQTT(dpe,
                                    newDeviceTopicPrefix + newDeviceTopicName + topicPostfix,
                                    &quot;_Broker01&quot;,
                                    TRUE);

    }

  }
  else
    DebugN(&quot;Hier ist ein Fehler aufgetreten&quot;);
}

//----------------------------------------------------------------
/**

  @brief   function to create a distrib config
  @author MN

  @param dpe  datapoint element
  @param driver  driver number (-num argument)

  @return errorcode

  @retval 1 ok
  @retval -1 error while creating config

  __EXAMPLE__:
  @code
  main()
  {
    int err = tCreateConfigDistrib(&quot;Test.value&quot;, 3);
  }
  @endcode
*/
int em_createDistrib(string dpe, char driver)
{
  dyn_errClass err;
  bool ret;
  dpSetWait(dpe + &quot;:_distrib.._type&quot;, DPCONFIG_DISTRIBUTION_INFO,
            dpe + &quot;:_distrib.._driver&quot;, driver);

  err = getLastError();

  if (dynlen(err) &gt; 0)
  {
    ret = -1;
  }
  else
    ret = 1;

  return ret;

}
//----------------------------------------------------------------


//----------------------------------------------------------------
/**
  @brief   function to create an OPC UA  Address

  @param dpe           data point element
  @param reference     address referenz string
  @param direction     address direction PATTR_ADDR_MODE_INPUT_SPONT; DPATTR_ADDR_MODE_IO_SPONT; DPATTR_ADDR_MODE_OUTPUT;
  @param active        address active or not

  @return errorcode

  @retval 1 ok
  @retval -1 error while creating config

  __EXAMPLE__:
  @code
  main()
  {
    int err = em_createSubscribeAddressMQTT(&quot;voltage.input&quot;, &quot;IOT/em1/voltage/data&quot;, &quot;_Broker1&quot;);
  }
  @endcode
*/
int em_createSubscribeAddressMQTT(string dpe,
                              string topic,
                              string brokerDpName,
                              bool active = false)
{
  dyn_errClass err;
  int retVal;

  dpSetWait(dpe + &quot;:_address.._type&quot;, DPCONFIG_PERIPH_ADDR_MAIN,
            dpe + &quot;:_address.._reference&quot;, topic,
            dpe + &quot;:_address.._connection&quot;, brokerDpName,
            dpe + &quot;:_address.._offset&quot;, 0,
            dpe + &quot;:_address.._subindex&quot;, 0,

            dpe + &quot;:_address.._direction&quot;, DPATTR_ADDR_MODE_INPUT_SPONT,
            dpe + &quot;:_address.._internal&quot;, 0,
            dpe + &quot;:_address.._lowlevel&quot;, 0,
            dpe + &quot;:_address.._active&quot;, active,

            dpe + &quot;:_address.._start&quot;, 0,
            dpe + &quot;:_address.._interval&quot;, 0,
            dpe + &quot;:_address.._reply&quot;, 0,

            dpe + &quot;:_address.._datatype&quot;, 1001,
            dpe + &quot;:_address.._drv_ident&quot;, &quot;MQTT&quot;);

  err = getLastError();

  if (dynlen(err) &gt; 0)
  {
    retVal = -1;
  }
  else
    retVal = 1;
}]]></script>
   </events>
  </shape>
  <shape Name="devicePrefix" layerId="0" shapeType="TEXT_FIELD">
   <properties>
    <prop name="serialId">2</prop>
    <prop name="Type"></prop>
    <prop name="RefPoint">-1108 13</prop>
    <prop name="Enable">True</prop>
    <prop name="Visible">True</prop>
    <prop name="ForeColor">tp_widgetText</prop>
    <prop name="BackColor">tp_widgetBack</prop>
    <prop name="TabOrder">2</prop>
    <prop name="ToolTipText">
     <prop name="de_AT.utf8"></prop>
    </prop>
    <prop name="layoutAlignment">AlignNone</prop>
    <prop name="snapMode">Point</prop>
    <prop name="Font">
     <prop name="de_AT.utf8">Arial,-1,19,5,400,0,0,0,0,0,0,0,0,0,0,1,Regular</prop>
     <prop name="en_US.utf8">Noto Sans,-1,16,5,400,0,0,0,0,0,0,0,0,0,0,1</prop>
    </prop>
    <prop name="Location">80 157</prop>
    <prop name="Size">131 35</prop>
    <prop name="BorderStyle">Normal</prop>
    <prop name="Editable">True</prop>
    <prop name="ClearButtonEnabled">False</prop>
    <prop name="TextFormat">[0s,,,AlignLeft]</prop>
    <prop name="AllowEmptyNumeric">False</prop>
    <prop name="ulcClientSideWidget">False</prop>
   </properties>
   <events>
    <script isEscaped="1" name="Initialize"><![CDATA[main()
{
  string defaultPrefix;
  dpGet(&quot;_em_Energymeter|default.postfix&quot;, defaultPrefix);
  this.text = defaultPrefix;
}]]></script>
   </events>
  </shape>
  <shape Name="deviceName" layerId="0" shapeType="TEXT_FIELD">
   <properties>
    <prop name="serialId">3</prop>
    <prop name="Type"></prop>
    <prop name="RefPoint">-1110 67</prop>
    <prop name="Enable">True</prop>
    <prop name="Visible">True</prop>
    <prop name="ForeColor">tp_widgetText</prop>
    <prop name="BackColor">tp_widgetBack</prop>
    <prop name="TabOrder">3</prop>
    <prop name="ToolTipText">
     <prop name="de_AT.utf8"></prop>
    </prop>
    <prop name="layoutAlignment">AlignNone</prop>
    <prop name="snapMode">Point</prop>
    <prop name="Font">
     <prop name="de_AT.utf8">Arial,-1,19,5,400,0,0,0,0,0,0,0,0,0,0,1,Regular</prop>
     <prop name="en_US.utf8">Noto Sans,-1,16,5,400,0,0,0,0,0,0,0,0,0,0,1</prop>
    </prop>
    <prop name="Location">78 82</prop>
    <prop name="Size">173 35</prop>
    <prop name="BorderStyle">Normal</prop>
    <prop name="Editable">True</prop>
    <prop name="ClearButtonEnabled">False</prop>
    <prop name="TextFormat">[0s,,,AlignLeft]</prop>
    <prop name="AllowEmptyNumeric">False</prop>
    <prop name="ulcClientSideWidget">False</prop>
   </properties>
  </shape>
  <shape Name="deviceTopic" layerId="0" shapeType="TEXT_FIELD">
   <properties>
    <prop name="serialId">4</prop>
    <prop name="Type"></prop>
    <prop name="RefPoint">-940.0000000000002 13</prop>
    <prop name="Enable">True</prop>
    <prop name="Visible">True</prop>
    <prop name="ForeColor">tp_widgetText</prop>
    <prop name="BackColor">tp_widgetBack</prop>
    <prop name="TabOrder">4</prop>
    <prop name="ToolTipText">
     <prop name="de_AT.utf8"></prop>
    </prop>
    <prop name="layoutAlignment">AlignNone</prop>
    <prop name="snapMode">Point</prop>
    <prop name="Font">
     <prop name="de_AT.utf8">Arial,-1,19,5,400,0,0,0,0,0,0,0,0,0,0,1,Regular</prop>
     <prop name="en_US.utf8">Noto Sans,-1,16,5,400,0,0,0,0,0,0,0,0,0,0,1</prop>
    </prop>
    <prop name="Location">267 157</prop>
    <prop name="Size">131 35</prop>
    <prop name="BorderStyle">Normal</prop>
    <prop name="Editable">True</prop>
    <prop name="ClearButtonEnabled">False</prop>
    <prop name="TextFormat">[0s,,,AlignLeft]</prop>
    <prop name="AllowEmptyNumeric">False</prop>
    <prop name="ulcClientSideWidget">False</prop>
   </properties>
  </shape>
  <shape Name="PRIMITIVE_TEXT1" layerId="0" shapeType="PRIMITIVE_TEXT">
   <properties>
    <prop name="serialId">5</prop>
    <prop name="Type"></prop>
    <prop name="RefPoint">80 56.99999999999994</prop>
    <prop name="Enable">True</prop>
    <prop name="Visible">True</prop>
    <prop name="ForeColor">tp_text</prop>
    <prop name="BackColor">_Window</prop>
    <prop name="TabOrder">5</prop>
    <prop name="ToolTipText">
     <prop name="de_AT.utf8"></prop>
    </prop>
    <prop name="layoutAlignment">AlignNone</prop>
    <prop name="snapMode">Point</prop>
    <prop name="DashBackColor">_Transparent</prop>
    <prop name="AntiAliased">False</prop>
    <prop name="LineType">[solid,oneColor,JoinBevel,CapProjecting,1]</prop>
    <prop name="BorderZoomable">False</prop>
    <prop name="BorderScalable">False</prop>
    <prop name="FillType">[outline]</prop>
    <prop name="Location">80 56.99999999999994</prop>
    <prop name="Font">
     <prop name="de_AT.utf8">Arial,-1,16,5,400,0,0,0,0,0,0,0,0,0,0,1,Regular</prop>
     <prop name="en_US.utf8">Noto Sans,-1,16,5,400,0,0,0,0,0,0,0,0,0,0,1</prop>
    </prop>
    <prop name="Text">
     <prop name="de_AT.utf8">Device-Name</prop>
     <prop name="en_US.utf8">Device name</prop>
    </prop>
    <prop name="Distance">2</prop>
    <prop name="BorderOffset">2</prop>
    <prop name="Bordered">False</prop>
    <prop name="Fit">True</prop>
    <prop name="Transformable">False</prop>
    <prop name="TextFormat">[0s,,,AlignLeft]</prop>
   </properties>
  </shape>
  <shape Name="PRIMITIVE_TEXT2" layerId="0" shapeType="PRIMITIVE_TEXT">
   <properties>
    <prop name="serialId">6</prop>
    <prop name="Type"></prop>
    <prop name="RefPoint">80 136.9999999999999</prop>
    <prop name="Enable">True</prop>
    <prop name="Visible">True</prop>
    <prop name="ForeColor">tp_text</prop>
    <prop name="BackColor">_Window</prop>
    <prop name="TabOrder">6</prop>
    <prop name="ToolTipText">
     <prop name="de_AT.utf8"></prop>
    </prop>
    <prop name="layoutAlignment">AlignNone</prop>
    <prop name="snapMode">Point</prop>
    <prop name="DashBackColor">_Transparent</prop>
    <prop name="AntiAliased">False</prop>
    <prop name="LineType">[solid,oneColor,JoinBevel,CapProjecting,1]</prop>
    <prop name="BorderZoomable">False</prop>
    <prop name="BorderScalable">False</prop>
    <prop name="FillType">[outline]</prop>
    <prop name="Location">80 136.9999999999999</prop>
    <prop name="Font">
     <prop name="de_AT.utf8">Arial,-1,16,5,400,0,0,0,0,0,0,0,0,0,0,1,Regular</prop>
     <prop name="en_US.utf8">Noto Sans,-1,16,5,400,0,0,0,0,0,0,0,0,0,0,1</prop>
    </prop>
    <prop name="Text">
     <prop name="de_AT.utf8">Source-Topic</prop>
     <prop name="en_US.utf8">Source-Topic</prop>
    </prop>
    <prop name="Distance">2</prop>
    <prop name="BorderOffset">2</prop>
    <prop name="Bordered">False</prop>
    <prop name="Fit">True</prop>
    <prop name="Transformable">False</prop>
    <prop name="TextFormat">[0s,,,AlignLeft]</prop>
   </properties>
  </shape>
  <shape Name="PRIMITIVE_TEXT3" layerId="0" shapeType="PRIMITIVE_TEXT">
   <properties>
    <prop name="serialId">7</prop>
    <prop name="Type"></prop>
    <prop name="RefPoint">270 136.9999999999999</prop>
    <prop name="Enable">True</prop>
    <prop name="Visible">True</prop>
    <prop name="ForeColor">tp_text</prop>
    <prop name="BackColor">_Window</prop>
    <prop name="TabOrder">7</prop>
    <prop name="ToolTipText">
     <prop name="de_AT.utf8"></prop>
    </prop>
    <prop name="layoutAlignment">AlignNone</prop>
    <prop name="snapMode">Point</prop>
    <prop name="DashBackColor">_Transparent</prop>
    <prop name="AntiAliased">False</prop>
    <prop name="LineType">[solid,oneColor,JoinBevel,CapProjecting,1]</prop>
    <prop name="BorderZoomable">False</prop>
    <prop name="BorderScalable">False</prop>
    <prop name="FillType">[outline]</prop>
    <prop name="Location">270 136.9999999999999</prop>
    <prop name="Font">
     <prop name="de_AT.utf8">Arial,-1,16,5,400,0,0,0,0,0,0,0,0,0,0,1,Regular</prop>
     <prop name="en_US.utf8">Noto Sans,-1,16,5,400,0,0,0,0,0,0,0,0,0,0,1</prop>
    </prop>
    <prop name="Text">
     <prop name="de_AT.utf8">Device-Topic</prop>
     <prop name="en_US.utf8">Device-Topic</prop>
    </prop>
    <prop name="Distance">2</prop>
    <prop name="BorderOffset">2</prop>
    <prop name="Bordered">False</prop>
    <prop name="Fit">True</prop>
    <prop name="Transformable">False</prop>
    <prop name="TextFormat">[0s,,,AlignLeft]</prop>
   </properties>
  </shape>
 </shapes>
</panel>
