<?xml version="1.0" encoding="UTF-8"?>
<panel version="14">
 <properties>
  <prop name="Name">
   <prop name="de_AT.utf8"></prop>
  </prop>
  <prop name="Size">1055 567</prop>
  <prop name="BackColor">tp_templateBack</prop>
  <prop name="RefPoint">20 40</prop>
  <prop name="InitAndTermRef">True</prop>
  <prop name="SendClick">False</prop>
  <prop name="RefFileName"></prop>
  <prop name="DPI">96</prop>
  <prop name="PDPI">96.05810853697238</prop>
  <prop name="layoutType">None</prop>
 </properties>
 <shapes>
  <shape Name="TREND1" layerId="0" shapeType="TREND">
   <properties>
    <prop name="serialId">0</prop>
    <prop name="Type"></prop>
    <prop name="RefPoint">10 10</prop>
    <prop name="Enable">True</prop>
    <prop name="Visible">True</prop>
    <prop name="ForeColor">tp_text</prop>
    <prop name="BackColor">tp_widgetBack</prop>
    <prop name="TabOrder">0</prop>
    <prop name="ToolTipText">
     <prop name="de_AT.utf8"></prop>
    </prop>
    <prop name="layoutAlignment">AlignNone</prop>
    <prop name="snapMode">Point</prop>
    <prop name="Font">
     <prop name="de_AT.utf8">Noto Sans,-1,16,5,400,0,0,0,0,0,0,0,0,0,0,1</prop>
     <prop name="en_US.utf8">Noto Sans,-1,16,5,400,0,0,0,0,0,0,0,0,0,0,1</prop>
    </prop>
    <prop name="Location">10 10</prop>
    <prop name="Size">1031 491</prop>
    <prop name="TimeTrend">True</prop>
    <prop name="Logarithmic">False</prop>
    <prop name="ShowToolBox">True</prop>
    <prop name="ShowLegend">True</prop>
    <prop name="Vertical">False</prop>
    <prop name="ShowGrid">False</prop>
    <prop name="ShowBackgroundGrid">True</prop>
    <prop name="TimeRange">600</prop>
    <prop name="curveDownsamplings">0 0 0 0 0 </prop>
    <prop name="ScrollPercent">1</prop>
    <prop name="LegendFont">
     <prop name="de_AT.utf8">Noto Sans,-1,16,5,400,0,0,0,0,0,0,0,0,0,0,1</prop>
     <prop name="en_US.utf8">Noto Sans,-1,16,5,400,0,0,0,0,0,0,0,0,0,0,1</prop>
    </prop>
    <prop name="ScaleFont">
     <prop name="de_AT.utf8">Noto Sans,-1,16,5,400,0,0,0,0,0,0,0,0,0,0,1</prop>
     <prop name="en_US.utf8">Noto Sans,-1,16,5,400,0,0,0,0,0,0,0,0,0,0,1</prop>
    </prop>
    <prop name="DefaultFont">
     <prop name="de_AT.utf8">Noto Sans,-1,16,5,400,0,0,0,0,0,0,0,0,0,0,1</prop>
     <prop name="en_US.utf8">Noto Sans,-1,16,5,400,0,0,0,0,0,0,0,0,0,0,1</prop>
    </prop>
    <prop name="TrendArea">
     <prop name="PixmapFile"></prop>
     <prop name="TrendCurve" type="ValueOverTime">
      <prop name="Name">#1_1</prop>
      <prop name="DataSource">$dp.voltage.avg</prop>
      <prop name="PointType">0</prop>
      <prop name="Type">1</prop>
      <prop name="Filled">0</prop>
      <prop name="RefValue">0</prop>
      <prop name="LegendFormat"></prop>
      <prop name="LegendShowDate">False</prop>
      <prop name="LegendShowMilli">False</prop>
      <prop name="LegendName">
       <prop name="de_AT.utf8"></prop>
       <prop name="en_US.utf8"></prop>
      </prop>
      <prop name="LegendUnit">
       <prop name="de_AT.utf8">V</prop>
       <prop name="en_US.utf8">V</prop>
      </prop>
      <prop name="VisibleInLegend">True</prop>
      <prop name="AutoScale">False</prop>
      <prop name="ValueShape"></prop>
      <prop name="TimeShape"></prop>
      <prop name="Min">200</prop>
      <prop name="Max">250</prop>
      <prop name="LineType">[solid,oneColor,JoinMiter,CapButt,4]</prop>
      <prop name="Color">tp_chart-2</prop>
      <prop name="GridVisible">False</prop>
      <prop name="GridAboveCount">0</prop>
      <prop name="GridBelowCount">0</prop>
      <prop name="GridAboveDistance">0</prop>
      <prop name="GridBelowDistance">0</prop>
      <prop name="GridRefValue">0</prop>
      <CurveScale>
       <prop name="Format1">%g</prop>
       <prop name="Format2">%x</prop>
       <prop name="AutoFormat">True</prop>
       <prop name="Visible">True</prop>
       <prop name="Position">Left</prop>
      </CurveScale>
     </prop>
     <prop name="TrendCurve" type="ValueOverTime">
      <prop name="Name">#1_2</prop>
      <prop name="DataSource">$dp.current.L1.avg</prop>
      <prop name="PointType">0</prop>
      <prop name="Type">1</prop>
      <prop name="Filled">0</prop>
      <prop name="RefValue">0</prop>
      <prop name="LegendFormat"></prop>
      <prop name="LegendShowDate">False</prop>
      <prop name="LegendShowMilli">False</prop>
      <prop name="LegendName">
       <prop name="de_AT.utf8"></prop>
       <prop name="en_US.utf8"></prop>
      </prop>
      <prop name="LegendUnit">
       <prop name="de_AT.utf8">A</prop>
       <prop name="en_US.utf8">A</prop>
      </prop>
      <prop name="VisibleInLegend">True</prop>
      <prop name="AutoScale">True</prop>
      <prop name="ValueShape"></prop>
      <prop name="TimeShape"></prop>
      <prop name="Min">0</prop>
      <prop name="Max">100</prop>
      <prop name="LineType">[solid,oneColor,JoinMiter,CapButt,0]</prop>
      <prop name="Color">tp_chart-4</prop>
      <prop name="GridVisible">False</prop>
      <prop name="GridAboveCount">0</prop>
      <prop name="GridBelowCount">0</prop>
      <prop name="GridAboveDistance">0</prop>
      <prop name="GridBelowDistance">0</prop>
      <prop name="GridRefValue">0</prop>
      <CurveScale>
       <prop name="Format1">%g</prop>
       <prop name="Format2">%x</prop>
       <prop name="AutoFormat">True</prop>
       <prop name="Visible">True</prop>
       <prop name="Position">Left</prop>
      </CurveScale>
     </prop>
     <prop name="TrendCurve" type="ValueOverTime">
      <prop name="Name">#1_3</prop>
      <prop name="DataSource">$dp.current.L2.avg</prop>
      <prop name="PointType">0</prop>
      <prop name="Type">1</prop>
      <prop name="Filled">0</prop>
      <prop name="RefValue">0</prop>
      <prop name="LegendFormat"></prop>
      <prop name="LegendShowDate">False</prop>
      <prop name="LegendShowMilli">False</prop>
      <prop name="LegendName">
       <prop name="de_AT.utf8"></prop>
       <prop name="en_US.utf8"></prop>
      </prop>
      <prop name="LegendUnit">
       <prop name="de_AT.utf8">A</prop>
       <prop name="en_US.utf8">A</prop>
      </prop>
      <prop name="VisibleInLegend">True</prop>
      <prop name="AutoScale">True</prop>
      <prop name="ValueShape"></prop>
      <prop name="TimeShape"></prop>
      <prop name="Min">0.116561540473036</prop>
      <prop name="Max">99.88343845952696</prop>
      <prop name="LineType">[solid,oneColor,JoinMiter,CapButt,0]</prop>
      <prop name="Color">tp_chart-8</prop>
      <prop name="GridVisible">False</prop>
      <prop name="GridAboveCount">0</prop>
      <prop name="GridBelowCount">0</prop>
      <prop name="GridAboveDistance">0</prop>
      <prop name="GridBelowDistance">0</prop>
      <prop name="GridRefValue">0</prop>
      <CurveScale>
       <prop name="Format1">%g</prop>
       <prop name="Format2">%x</prop>
       <prop name="AutoFormat">True</prop>
       <prop name="Visible">False</prop>
       <prop name="Position">Left</prop>
      </CurveScale>
     </prop>
     <prop name="TrendCurve" type="ValueOverTime">
      <prop name="Name">#1_4</prop>
      <prop name="DataSource">$dp.current.L3.avg</prop>
      <prop name="PointType">0</prop>
      <prop name="Type">1</prop>
      <prop name="Filled">0</prop>
      <prop name="RefValue">0</prop>
      <prop name="LegendFormat"></prop>
      <prop name="LegendShowDate">False</prop>
      <prop name="LegendShowMilli">False</prop>
      <prop name="LegendName">
       <prop name="de_AT.utf8"></prop>
       <prop name="en_US.utf8"></prop>
      </prop>
      <prop name="LegendUnit">
       <prop name="de_AT.utf8">A</prop>
       <prop name="en_US.utf8">A</prop>
      </prop>
      <prop name="VisibleInLegend">True</prop>
      <prop name="AutoScale">True</prop>
      <prop name="ValueShape"></prop>
      <prop name="TimeShape"></prop>
      <prop name="Min">0</prop>
      <prop name="Max">100</prop>
      <prop name="LineType">[solid,oneColor,JoinMiter,CapButt,0]</prop>
      <prop name="Color">tp_chart-15</prop>
      <prop name="GridVisible">False</prop>
      <prop name="GridAboveCount">0</prop>
      <prop name="GridBelowCount">0</prop>
      <prop name="GridAboveDistance">0</prop>
      <prop name="GridBelowDistance">0</prop>
      <prop name="GridRefValue">0</prop>
      <CurveScale>
       <prop name="Format1">%g</prop>
       <prop name="Format2">%x</prop>
       <prop name="AutoFormat">True</prop>
       <prop name="Visible">False</prop>
       <prop name="Position">Left</prop>
      </CurveScale>
     </prop>
     <prop name="TrendCurve" type="ValueOverTime">
      <prop name="Name">#1_5</prop>
      <prop name="DataSource">$dp.consumption.difference</prop>
      <prop name="PointType">0</prop>
      <prop name="Type">1</prop>
      <prop name="Filled">0</prop>
      <prop name="RefValue">0</prop>
      <prop name="LegendFormat"></prop>
      <prop name="LegendShowDate">False</prop>
      <prop name="LegendShowMilli">False</prop>
      <prop name="LegendName">
       <prop name="de_AT.utf8"></prop>
       <prop name="en_US.utf8"></prop>
      </prop>
      <prop name="LegendUnit">
       <prop name="de_AT.utf8">Wh</prop>
       <prop name="en_US.utf8">Wh</prop>
      </prop>
      <prop name="VisibleInLegend">True</prop>
      <prop name="AutoScale">True</prop>
      <prop name="ValueShape"></prop>
      <prop name="TimeShape"></prop>
      <prop name="Min">0.1398101409409946</prop>
      <prop name="Max">99.86018985905901</prop>
      <prop name="LineType">[solid,oneColor,JoinMiter,CapButt,3]</prop>
      <prop name="Color">tp_chart-13</prop>
      <prop name="GridVisible">False</prop>
      <prop name="GridAboveCount">0</prop>
      <prop name="GridBelowCount">0</prop>
      <prop name="GridAboveDistance">0</prop>
      <prop name="GridBelowDistance">0</prop>
      <prop name="GridRefValue">0</prop>
      <CurveScale>
       <prop name="Format1">%g</prop>
       <prop name="Format2">%x</prop>
       <prop name="AutoFormat">True</prop>
       <prop name="Visible">True</prop>
       <prop name="Position">Left</prop>
      </CurveScale>
     </prop>
     <prop name="TimeScaleOneLine">True</prop>
     <prop name="TimeScale">
      <prop name="Format1">%H:%M:%S</prop>
      <prop name="Format2">%x</prop>
      <prop name="AutoFormat">True</prop>
      <prop name="Visible">True</prop>
      <prop name="Position">Bottom</prop>
     </prop>
    </prop>
   </properties>
   <events>
    <script isEscaped="1" name="Initialize"><![CDATA[main()
{
  this.legendFont(&quot;Arial,-1,16,5,400,0,0,0,0,0,0,0,0,0,0,1,Regular&quot;);
  this.linkCurves(&quot;#1_2&quot;, &quot;#1_3&quot;);
  this.linkCurves(&quot;#1_2&quot;, &quot;#1_4&quot;);
}]]></script>
   </events>
  </shape>
  <shape Name="PUSH_BUTTON2" layerId="0" shapeType="PUSH_BUTTON">
   <properties>
    <prop name="serialId">2</prop>
    <prop name="Type">con_Style1</prop>
    <prop name="RefPoint">870 520</prop>
    <prop name="Enable">True</prop>
    <prop name="Visible">True</prop>
    <prop name="ForeColor">tp_buttonText</prop>
    <prop name="BackColor">tp_buttonBack</prop>
    <prop name="TabOrder">1</prop>
    <prop name="ToolTipText">
     <prop name="de_AT.utf8"></prop>
    </prop>
    <prop name="layoutAlignment">AlignNone</prop>
    <prop name="snapMode">Point</prop>
    <prop name="Font">
     <prop name="de_AT.utf8">Arial,-1,16,5,400,0,0,0,0,0,0,0,0,0,0,1,Regular</prop>
     <prop name="en_US.utf8">Arial,-1,16,5,400,0,0,0,0,0,0,0,0,0,0,1,Regular</prop>
    </prop>
    <prop name="Location">870 513.3333333333333</prop>
    <prop name="Size">175 41</prop>
    <prop name="BorderStyle">Styled</prop>
    <prop name="Text">
     <prop name="de_AT.utf8">Schließen</prop>
     <prop name="en_US.utf8">Close</prop>
    </prop>
   </properties>
   <events>
    <script isEscaped="1" name="Clicked"><![CDATA[// SimpleCtrlScriptStart {valid}
main()
{
  EP_panelOff();
}

void EP_panelOff()
{
  PanelOff();
}

// SimpleCtrlScript {EP_panelOff}
// Function {PanelOff}
// Panel {}
// Module {}
// SimpleCtrlScriptEnd {EP_panelOff}
]]></script>
   </events>
  </shape>
  <shape Name="PRIMITIVE_TEXT2" layerId="0" shapeType="PRIMITIVE_TEXT">
   <properties>
    <prop name="serialId">5</prop>
    <prop name="Type"></prop>
    <prop name="RefPoint">14 520.3333333333333</prop>
    <prop name="Enable">True</prop>
    <prop name="Visible">True</prop>
    <prop name="ForeColor">tp_text</prop>
    <prop name="BackColor">_Window</prop>
    <prop name="TabOrder">3</prop>
    <prop name="ToolTipText">
     <prop name="de_AT.utf8"></prop>
    </prop>
    <prop name="layoutAlignment">AlignNone</prop>
    <prop name="snapMode">Point</prop>
    <prop name="DashBackColor">_Transparent</prop>
    <prop name="AntiAliased">False</prop>
    <prop name="LineType">[solid,oneColor,JoinBevel,CapProjecting,1]</prop>
    <prop name="BorderZoomable">False</prop>
    <prop name="BorderScalable">False</prop>
    <prop name="FillType">[outline]</prop>
    <prop name="Location">14 520.3333333333333</prop>
    <prop name="Font">
     <prop name="de_AT.utf8">Arial,-1,19,5,900,0,0,0,0,0,0,0,0,0,0,1,Black</prop>
     <prop name="en_US.utf8">Noto Sans,-1,16,5,400,0,0,0,0,0,0,0,0,0,0,1</prop>
    </prop>
    <prop name="Text">
     <prop name="de_AT.utf8">X</prop>
    </prop>
    <prop name="Distance">2</prop>
    <prop name="BorderOffset">2</prop>
    <prop name="Bordered">False</prop>
    <prop name="Fit">True</prop>
    <prop name="Transformable">False</prop>
    <prop name="TextFormat">[0s,,,AlignLeft]</prop>
   </properties>
   <events>
    <script isEscaped="1" name="Initialize"><![CDATA[main()
{
  this.text = &quot;Device: &quot; + $dp;
}]]></script>
   </events>
  </shape>
 </shapes>
</panel>
