<?xml version="1.0" encoding="UTF-8"?>
<panel version="14">
 <properties>
  <prop name="Name">
   <prop name="de_AT.utf8"></prop>
  </prop>
  <prop name="Size">553 297</prop>
  <prop name="BackColor">tp_panelBack</prop>
  <prop name="RefPoint">29 45</prop>
  <prop name="InitAndTermRef">True</prop>
  <prop name="SendClick">False</prop>
  <prop name="RefFileName"></prop>
  <prop name="DPI">96</prop>
  <prop name="PDPI">95.95804195804195</prop>
  <prop name="layoutType">None</prop>
 </properties>
 <shapes>
  <shape Name="RECTANGLE2" layerId="0" shapeType="RECTANGLE">
   <properties>
    <prop name="serialId">0</prop>
    <prop name="Type"></prop>
    <prop name="RefPoint">1220 290</prop>
    <prop name="Enable">True</prop>
    <prop name="Visible">True</prop>
    <prop name="ForeColor">_Transparent</prop>
    <prop name="BackColor">tp_templateBack</prop>
    <prop name="TabOrder">0</prop>
    <prop name="ToolTipText">
     <prop name="de_AT.utf8"></prop>
    </prop>
    <prop name="layoutAlignment">AlignNone</prop>
    <prop name="snapMode">Point</prop>
    <prop name="DashBackColor">_Transparent</prop>
    <prop name="AntiAliased">False</prop>
    <prop name="LineType">[solid,oneColor,JoinBevel,CapProjecting,1]</prop>
    <prop name="BorderZoomable">False</prop>
    <prop name="BorderScalable">False</prop>
    <prop name="FillType">[solid]</prop>
    <prop name="Geometry">1.2275 0 0 0.948 -1466.55 -242.42</prop>
    <prop name="BorderStyle">Normal</prop>
    <prop name="Location">1220 290</prop>
    <prop name="Size">401 251</prop>
    <prop name="CornerRadius">0</prop>
    <prop name="Transformable">True</prop>
   </properties>
  </shape>
  <shape Name="Chart_ewo1" layerId="0" shapeType="GENERIC">
   <properties>
    <prop name="serialId">1</prop>
    <prop name="Type"></prop>
    <prop name="RefPoint">226.0000000000002 35.99999999999989</prop>
    <prop name="Enable">True</prop>
    <prop name="Visible">True</prop>
    <prop name="ForeColor">tp_text</prop>
    <prop name="BackColor">tp_templateBack</prop>
    <prop name="TabOrder">1</prop>
    <prop name="ToolTipText">
     <prop name="de_AT.utf8"></prop>
    </prop>
    <prop name="layoutAlignment">AlignNone</prop>
    <prop name="snapMode">Point</prop>
    <prop name="Font">
     <prop name="de_AT.utf8">Arial,-1,16,5,400,0,0,0,0,0,0,0,0,0,0,1,Regular</prop>
     <prop name="en_US.utf8">Noto Sans,-1,16,5,400,0,0,0,0,0,0,0,0,0,0,1</prop>
    </prop>
    <prop name="Location">226.0000000000002 35.99999999999989</prop>
    <prop name="Size">281 221</prop>
    <prop name="ObjectType">Chart.ewo</prop>
    <extended>
     <prop name="chartType" type="ENUM">3</prop>
     <prop name="legendPosition" type="ENUM">4</prop>
     <prop name="shownValueText" type="ENUM">1</prop>
    </extended>
   </properties>
   <events>
    <script isEscaped="1" name="Initialize"><![CDATA[main()
{
  string dp = $dp;
  dpConnect(&quot;work&quot;, dp + &quot;.current.L1.avg&quot;,
                    dp + &quot;.current.L2.avg&quot;,
                    dp + &quot;.current.L3.avg&quot;);


}

work(string dp1, float val1,
     string dp2, float val2,
     string dp3, float val3)
{
  this.setSeries(0, makeDynFloat(val1));
  this.setSeriesFillColor(0, &quot;tp_chart-2&quot;);
  this.setSeriesName(0, &quot;L1(A)&quot;);

    this.setSeries(1, makeDynFloat(val2));
  this.setSeriesFillColor(1, &quot;tp_chart-3&quot;);
  this.setSeriesName(1, &quot;L2(A)&quot;);

    this.setSeries(2, makeDynFloat(val3));
  this.setSeriesFillColor(2, &quot;tp_chart-4&quot;);
  this.setSeriesName(2, &quot;L3(A)&quot;);


}]]></script>
   </events>
  </shape>
  <shape Name="TEXT_FIELD1" layerId="0" shapeType="TEXT_FIELD">
   <properties>
    <prop name="serialId">2</prop>
    <prop name="Type"></prop>
    <prop name="RefPoint">-1150 -53</prop>
    <prop name="Enable">True</prop>
    <prop name="Visible">True</prop>
    <prop name="ForeColor">tp_widgetText</prop>
    <prop name="BackColor">tp_widgetBack</prop>
    <prop name="TabOrder">2</prop>
    <prop name="ToolTipText">
     <prop name="de_AT.utf8"></prop>
    </prop>
    <prop name="layoutAlignment">AlignNone</prop>
    <prop name="snapMode">Point</prop>
    <prop name="Font">
     <prop name="de_AT.utf8">Arial,-1,19,5,400,0,0,0,0,0,0,0,0,0,0,1,Regular</prop>
     <prop name="en_US.utf8">Arial,-1,19,5,400,0,0,0,0,0,0,0,0,0,0,1,Regular</prop>
    </prop>
    <prop name="Location">57.00000000000045 91</prop>
    <prop name="Size">131 27</prop>
    <prop name="BorderStyle">Normal</prop>
    <prop name="Editable">True</prop>
    <prop name="ClearButtonEnabled">False</prop>
    <prop name="TextFormat">[0s,,,AlignRight]</prop>
    <prop name="AllowEmptyNumeric">False</prop>
    <prop name="ulcClientSideWidget">False</prop>
   </properties>
   <events>
    <script isEscaped="1" name="Initialize"><![CDATA[main()
{
  dyn_errClass err;

  string dp = $dp;
  dpConnect(&quot;EP_textFieldInCB&quot;,
            dp + &quot;.voltage.avg:_online.._value&quot;);
  err = getLastError();
  if (dynlen(err) &gt; 0)
    setValue(&quot;&quot;, &quot;color&quot;, &quot;_dpdoesnotexist&quot;);

}

void EP_textFieldInCB(string dp, float fNewValue)
{
  string sNewValue;
  sprintf(sNewValue, &quot;%3.1f&quot;, fNewValue);
  setValue(&quot;&quot;, &quot;text&quot;, sNewValue + &quot; [&quot; + dpGetUnit(dp) + &quot;]&quot;);
}

]]></script>
   </events>
  </shape>
  <shape Name="TEXT_FIELD2" layerId="0" shapeType="TEXT_FIELD">
   <properties>
    <prop name="serialId">3</prop>
    <prop name="Type"></prop>
    <prop name="RefPoint">-1150 -10</prop>
    <prop name="Enable">True</prop>
    <prop name="Visible">True</prop>
    <prop name="ForeColor">tp_widgetText</prop>
    <prop name="BackColor">tp_widgetBack</prop>
    <prop name="TabOrder">3</prop>
    <prop name="ToolTipText">
     <prop name="de_AT.utf8"></prop>
    </prop>
    <prop name="layoutAlignment">AlignNone</prop>
    <prop name="snapMode">Point</prop>
    <prop name="Font">
     <prop name="de_AT.utf8">Arial,-1,19,5,400,0,0,0,0,0,0,0,0,0,0,1,Regular</prop>
     <prop name="en_US.utf8">Arial,-1,19,5,400,0,0,0,0,0,0,0,0,0,0,1,Regular</prop>
    </prop>
    <prop name="Location">57.00000000000045 134</prop>
    <prop name="Size">131 27</prop>
    <prop name="BorderStyle">Normal</prop>
    <prop name="Editable">True</prop>
    <prop name="ClearButtonEnabled">False</prop>
    <prop name="TextFormat">[0s,,,AlignRight]</prop>
    <prop name="AllowEmptyNumeric">False</prop>
    <prop name="ulcClientSideWidget">False</prop>
   </properties>
   <events>
    <script isEscaped="1" name="Initialize"><![CDATA[main()
{
  dyn_errClass err;

  string dp = $dp;
  dpConnect(&quot;EP_textFieldInCB&quot;,
            dp + &quot;.consumption.difference:_online.._value&quot;);
  err = getLastError();
  if (dynlen(err) &gt; 0)
    setValue(&quot;&quot;, &quot;color&quot;, &quot;_dpdoesnotexist&quot;);

}

void EP_textFieldInCB(string dp, float fNewValue)
{
  string sNewValue;
  sprintf(sNewValue, &quot;%3.1f&quot;, fNewValue);
  setValue(&quot;&quot;, &quot;text&quot;, sNewValue + &quot; [&quot; + dpGetUnit(dp) + &quot;]&quot;);
}

]]></script>
   </events>
  </shape>
  <shape Name="PRIMITIVE_TEXT4" layerId="0" shapeType="PRIMITIVE_TEXT">
   <properties>
    <prop name="serialId">4</prop>
    <prop name="Type"></prop>
    <prop name="RefPoint">60.00000000000023 47</prop>
    <prop name="Enable">True</prop>
    <prop name="Visible">True</prop>
    <prop name="ForeColor">tp_text</prop>
    <prop name="BackColor">_Window</prop>
    <prop name="TabOrder">4</prop>
    <prop name="ToolTipText">
     <prop name="de_AT.utf8"></prop>
    </prop>
    <prop name="layoutAlignment">AlignNone</prop>
    <prop name="snapMode">Point</prop>
    <prop name="DashBackColor">_Transparent</prop>
    <prop name="AntiAliased">False</prop>
    <prop name="LineType">[solid,oneColor,JoinBevel,CapProjecting,1]</prop>
    <prop name="BorderZoomable">False</prop>
    <prop name="BorderScalable">False</prop>
    <prop name="FillType">[outline]</prop>
    <prop name="Location">60.00000000000023 47</prop>
    <prop name="Font">
     <prop name="de_AT.utf8">Arial,-1,19,5,900,0,0,0,0,0,0,0,0,0,0,1,Black</prop>
     <prop name="en_US.utf8">Arial,-1,19,5,900,0,0,0,0,0,0,0,0,0,0,1,Black</prop>
    </prop>
    <prop name="Text">
     <prop name="de_AT.utf8">X</prop>
    </prop>
    <prop name="Distance">2</prop>
    <prop name="BorderOffset">2</prop>
    <prop name="Bordered">False</prop>
    <prop name="Fit">True</prop>
    <prop name="Transformable">False</prop>
    <prop name="TextFormat">[0s,,,AlignLeft]</prop>
   </properties>
   <events>
    <script isEscaped="1" name="Initialize"><![CDATA[main()
{
  this.text = $dp;
}]]></script>
   </events>
  </shape>
  <shape Name="PUSH_BUTTON3" layerId="0" shapeType="PUSH_BUTTON">
   <properties>
    <prop name="serialId">6</prop>
    <prop name="Type">con_Style1</prop>
    <prop name="RefPoint">50 220</prop>
    <prop name="Enable">True</prop>
    <prop name="Visible">True</prop>
    <prop name="ForeColor">tp_buttonText</prop>
    <prop name="BackColor">tp_buttonBack</prop>
    <prop name="TabOrder">5</prop>
    <prop name="ToolTipText">
     <prop name="de_AT.utf8"></prop>
    </prop>
    <prop name="layoutAlignment">AlignNone</prop>
    <prop name="snapMode">Point</prop>
    <prop name="Font">
     <prop name="de_AT.utf8">Arial,-1,16,5,400,0,0,0,0,0,0,0,0,0,0,1,Regular</prop>
     <prop name="en_US.utf8">Arial,-1,16,5,400,0,0,0,0,0,0,0,0,0,0,1,Regular</prop>
    </prop>
    <prop name="Location">50 213.3333333333332</prop>
    <prop name="Size">93 41</prop>
    <prop name="BorderStyle">Styled</prop>
    <prop name="Text">
     <prop name="de_AT.utf8">Trend</prop>
     <prop name="en_US.utf8">Trend</prop>
    </prop>
   </properties>
   <events>
    <script isEscaped="1" name="Clicked"><![CDATA[main()
{
  EP_childPanelOn();
}

void EP_childPanelOn()
{
  ChildPanelOnRelativModal(&quot;em_Energymeter/em_deviceTrend.xml&quot;,
      &quot;Trend &quot; + $dp,
      makeDynString(&quot;$dp:&quot; + $dp),
      0, 0);
}
]]></script>
   </events>
  </shape>
  <shape Name="ELLIPSE1" layerId="0" shapeType="ELLIPSE">
   <properties>
    <prop name="serialId">8</prop>
    <prop name="Type"></prop>
    <prop name="RefPoint">85 195</prop>
    <prop name="Enable">True</prop>
    <prop name="Visible">True</prop>
    <prop name="ForeColor">tp_widgetBack</prop>
    <prop name="BackColor">tp_templateBack</prop>
    <prop name="TabOrder">6</prop>
    <prop name="ToolTipText">
     <prop name="de_AT.utf8"></prop>
    </prop>
    <prop name="layoutAlignment">AlignNone</prop>
    <prop name="snapMode">Point</prop>
    <prop name="DashBackColor">_Transparent</prop>
    <prop name="AntiAliased">True</prop>
    <prop name="LineType">[solid,oneColor,JoinBevel,CapProjecting,4]</prop>
    <prop name="BorderZoomable">False</prop>
    <prop name="BorderScalable">False</prop>
    <prop name="FillType">[solid]</prop>
    <prop name="Geometry">0.6666666666666666 0 0 0.6666666666666666 13.33333333333334 60</prop>
    <prop name="Center">85 195</prop>
    <prop name="X-Radius">15</prop>
    <prop name="Y-Radius">15</prop>
   </properties>
   <events>
    <script isEscaped="1" name="Initialize"><![CDATA[// SimpleCtrlScriptStart {valid}
main()
{
  EP_setBackColor();
}

void EP_setBackColor()
{
  dyn_errClass err;

  if( !dpExists( $dp+&quot;.alarm.voltage:_alert_hdl.._act_state_color&quot;))
  {
    setValue(&quot;&quot;, &quot;color&quot;, &quot;_dpdoesnotexist&quot;);
    return;
  }

  dpConnect(&quot;EP_setBackColorCB&quot;, 
            $dp+&quot;.alarm.voltage:_alert_hdl.._act_state_color&quot;);
  err = getLastError();
  if (dynlen(err) &gt; 0)
    setValue(&quot;&quot;, &quot;color&quot;, &quot;_dpdoesnotexist&quot;);

}

void EP_setBackColorCB(string dpSource, string sNewColor)
{
  setValue(&quot;&quot;, &quot;backCol&quot;, sNewColor);
}

// SimpleCtrlScript {EP_setBackColor}
// DP {$dp+.alarm.voltage}
// DPConfig {:_alert_hdl.._act_state_color}
// DPType {string}
// AlertHdl {TRUE}
// DPEInvalid {}
// DPEConfigInvalid {}
// SimpleCtrlScriptEnd {EP_setBackColor}
]]></script>
   </events>
  </shape>
  <shape Name="PUSH_BUTTON4" layerId="0" shapeType="PUSH_BUTTON">
   <properties>
    <prop name="serialId">10</prop>
    <prop name="Type">con_Style1</prop>
    <prop name="RefPoint">150 220</prop>
    <prop name="Enable">True</prop>
    <prop name="Visible">True</prop>
    <prop name="ForeColor">tp_buttonText</prop>
    <prop name="BackColor">tp_buttonBack</prop>
    <prop name="TabOrder">8</prop>
    <prop name="ToolTipText">
     <prop name="de_AT.utf8"></prop>
    </prop>
    <prop name="layoutAlignment">AlignNone</prop>
    <prop name="snapMode">Point</prop>
    <prop name="Font">
     <prop name="de_AT.utf8">Arial,-1,16,5,400,0,0,0,0,0,0,0,0,0,0,1,Regular</prop>
     <prop name="en_US.utf8">Arial,-1,16,5,400,0,0,0,0,0,0,0,0,0,0,1,Regular</prop>
    </prop>
    <prop name="Location">150 213.3333333333332</prop>
    <prop name="Size">93 41</prop>
    <prop name="BorderStyle">Styled</prop>
    <prop name="Text">
     <prop name="de_AT.utf8">...</prop>
     <prop name="en_US.utf8">...</prop>
    </prop>
   </properties>
   <events>
    <script isEscaped="1" name="Clicked"><![CDATA[// SimpleCtrlScriptStart {valid}
main()
{
  EP_childPanelOn();
}

void EP_childPanelOn()
{
  ChildPanelOnModal(&quot;objects_parts/STD_OBJECTS/COMMON_prop.pnl&quot;,
      &quot;&quot;,
      makeDynString(&quot;$dp:&quot; + $dp, &quot;$dpe:&quot; + $dp),
      0, 0);
}

// SimpleCtrlScript {EP_childPanelOn}
// Function {ChildPanelOnModal}
// File {objects_parts/STD_OBJECTS/COMMON_prop.pnl}
// Panel {}
// Parent {}
// Module {}
// OffsetX {0}
// OffsetY {0}
// PanelPara1 {$dp:$dp}
// PanelPara2 {$dpe:$dp}
// SimpleCtrlScriptEnd {EP_childPanelOn}
]]></script>
   </events>
  </shape>
 </shapes>
</panel>
