<?xml version="1.0" encoding="UTF-8"?>
<panel version="14">
 <properties>
  <prop name="Name">
   <prop name="de_AT.utf8"></prop>
  </prop>
  <prop name="Size">1616 753</prop>
  <prop name="BackColor">tp_panelBack</prop>
  <prop name="RefPoint">50 60</prop>
  <prop name="InitAndTermRef">True</prop>
  <prop name="SendClick">False</prop>
  <prop name="RefFileName"></prop>
  <prop name="DPI">96</prop>
  <prop name="PDPI">96.05410000000001</prop>
  <prop name="layoutType">None</prop>
 </properties>
 <events>
  <script isEscaped="1" name="ScopeLib"><![CDATA[em_filterTab()
{
  int fiterElement = rb_filter.number();
  string filterDevice = cb_device.text + &quot;*&quot;;
  string fiterElementPattern;

  switch (fiterElement)
  {
    case 0: fiterElementPattern = &quot;*&quot;; break;

    case 1: fiterElementPattern = &quot;*current*&quot;; break;

    case 2: fiterElementPattern = &quot;*voltage*&quot;; break;

    case 3: fiterElementPattern = &quot;*consumption*&quot;; break;

    default: fiterElementPattern = &quot;*&quot;;
  }

  tab.filterRows(makeDynString(&quot;#1&quot;,&quot;#6&quot;), makeDynString(filterDevice, fiterElementPattern), TRUE);
}]]></script>
 </events>
 <shapes>
  <shape Name="tab" layerId="0" shapeType="TABLE">
   <properties>
    <prop name="serialId">0</prop>
    <prop name="Type"></prop>
    <prop name="RefPoint">40 35.99999999999999</prop>
    <prop name="Enable">True</prop>
    <prop name="Visible">True</prop>
    <prop name="ForeColor">tp_text</prop>
    <prop name="BackColor">tp_widgetBack</prop>
    <prop name="TabOrder">0</prop>
    <prop name="ToolTipText">
     <prop name="de_AT.utf8"></prop>
    </prop>
    <prop name="layoutAlignment">AlignNone</prop>
    <prop name="snapMode">Point</prop>
    <prop name="Font">
     <prop name="de_AT.utf8">Arial,-1,16,5,400,0,0,0,0,0,0,0,0,0,0,1,Regular</prop>
     <prop name="en_US.utf8">Arial,-1,16,5,400,0,0,0,0,0,0,0,0,0,0,1,Regular</prop>
    </prop>
    <prop name="Location">40 35.99999999999999</prop>
    <prop name="Size">841 695</prop>
    <prop name="ShowColumnHeader">True</prop>
    <prop name="ShowRowHeader">False</prop>
    <prop name="SortOnClick">True</prop>
    <prop name="TabKeyCellFocus">False</prop>
    <prop name="EditOnKeyNavigation">False</prop>
    <prop name="RowHeight">25</prop>
    <prop name="RowHeaderWidth">0</prop>
    <prop name="GridType">Cross</prop>
    <prop name="VScrollBarMode">Auto</prop>
    <prop name="HScrollBarMode">Auto</prop>
    <prop name="Column">
     <prop name="Name">#1</prop>
     <prop name="Width">100</prop>
     <prop name="Visible">False</prop>
     <prop name="Editable">False</prop>
     <prop name="Label">
      <prop name="de_AT.utf8">Element</prop>
      <prop name="en_US.utf8">Element</prop>
     </prop>
     <prop name="ToolTipText">
      <prop name="de_AT.utf8"></prop>
     </prop>
    </prop>
    <prop name="Column">
     <prop name="Name">#2</prop>
     <prop name="Width">300</prop>
     <prop name="Visible">True</prop>
     <prop name="Editable">False</prop>
     <prop name="Label">
      <prop name="de_AT.utf8">Tag Name</prop>
     </prop>
     <prop name="ToolTipText">
      <prop name="de_AT.utf8"></prop>
     </prop>
    </prop>
    <prop name="Column">
     <prop name="Name">#3</prop>
     <prop name="Width">100</prop>
     <prop name="Visible">True</prop>
     <prop name="Editable">False</prop>
     <prop name="Label">
      <prop name="de_AT.utf8">Wert</prop>
      <prop name="en_US.utf8">Value</prop>
     </prop>
     <prop name="ToolTipText">
      <prop name="de_AT.utf8"></prop>
     </prop>
     <prop name="ColumnFormat">[0.2f,False,False,AlignRight,False]</prop>
    </prop>
    <prop name="Column">
     <prop name="Name">#4</prop>
     <prop name="Width">100</prop>
     <prop name="Visible">True</prop>
     <prop name="Editable">False</prop>
     <prop name="Label">
      <prop name="de_AT.utf8">Einheit</prop>
      <prop name="en_US.utf8">Unit</prop>
     </prop>
     <prop name="ToolTipText">
      <prop name="de_AT.utf8"></prop>
     </prop>
     <prop name="ColumnFormat">[0s,,,AlignHCenter]</prop>
    </prop>
    <prop name="Column">
     <prop name="Name">#5</prop>
     <prop name="Width">210</prop>
     <prop name="Visible">True</prop>
     <prop name="Editable">False</prop>
     <prop name="Label">
      <prop name="de_AT.utf8">Zeit</prop>
      <prop name="en_US.utf8">Time</prop>
     </prop>
     <prop name="ToolTipText">
      <prop name="de_AT.utf8"></prop>
     </prop>
     <prop name="ColumnFormat">[0s,,,AlignHCenter]</prop>
    </prop>
    <prop name="Column">
     <prop name="Name">#6</prop>
     <prop name="Width">150</prop>
     <prop name="Visible">False</prop>
     <prop name="Editable">False</prop>
     <prop name="Label">
      <prop name="de_AT.utf8">#6</prop>
      <prop name="en_US.utf8">#6</prop>
     </prop>
     <prop name="ToolTipText">
      <prop name="de_AT.utf8"></prop>
     </prop>
    </prop>
    <prop name="Column">
     <prop name="Name">#7</prop>
     <prop name="Width">30</prop>
     <prop name="Visible">True</prop>
     <prop name="Editable">False</prop>
     <prop name="Label">
      <prop name="de_AT.utf8">...</prop>
      <prop name="en_US.utf8">...</prop>
     </prop>
     <prop name="ToolTipText">
      <prop name="de_AT.utf8"></prop>
     </prop>
    </prop>
   </properties>
   <events>
    <script isEscaped="1" name="Clicked"><![CDATA[main(int row, string column, anytype value, anytype oldValue)
{
  if(column == &quot;#7&quot;)
  {
    dyn_anytype values = this.getLineN(row);

    string dp = dpSubStr(values[1], DPSUB_DP);
    ChildPanelOnRelativ(&quot;em_Energymeter/em_device.xml&quot;,
      &quot;Device &quot; + dp,
      makeDynString(&quot;$dp:&quot; + dp),
      0, 0);
  }
}]]></script>
    <script isEscaped="1" name="Initialize"><![CDATA[string deviceTypeName = &quot;em_Energymeter&quot;;
void main()
{
  // style header
  string sHeader = &quot;QHeaderView::section {background-color: #5C6E78; color: white; padding-left: 4px; border: 1px solid #5C6E78;}&quot;;
  sHeader = sHeader + &quot;QTableCornerButton::section { background-color:#5C6E78; }&quot;;
  sHeader = sHeader + &quot;QHeaderView{background-color: #5C6E78; }&quot;;

  this.styleSheet = sHeader;
  this.columnStretchable(1, 1);
  this.alternatingRowColors(makeDynString(&quot;tp_alterCol1&quot;, &quot;tp_alterCol2&quot;));

  // query to get all datapoint elements of the energy meter
  string query = &quot;SELECT '_online.._value', '_online.._stime' FROM '{*.**.avg,*.**.max,*.**.min,*.**.difference}' WHERE _DPT = \&quot;&quot; + deviceTypeName + &quot;\&quot;&quot;;


  dpQueryConnectSingle(&quot;em_decodeInput&quot;, 1, &quot;userData&quot;, query);
}

void em_decodeInput(string userData, dyn_dyn_anytype tab)
{

  int i;

  for (i = 2; i &lt;= dynlen(tab); i++)
  {
    string dp = dpSubStr(tab[i][1], DPSUB_DP);

    if (dp != &quot;_mp_&quot; + deviceTypeName)
    {
      // datapoint element
      string dpe = dpSubStr(tab[i][1], DPSUB_DP_EL);

      // datapoint value
      anytype value = tab[i][2];

      string fontColTime;

      if (tab[i][3] &lt; (getCurrentTime() - 60)) // init value ist older than Minute
        fontColTime = &quot;red&quot;;
      else
        fontColTime = &quot;green&quot;;


      // update Line for dpe
      this.updateLine(1, &quot;#1&quot;, dpe, &quot;#6&quot;, dpe, &quot;#2&quot;, dpGetDescription(dpe), &quot;#3&quot;, value, &quot;#4&quot;, dpGetUnit(dpe), &quot;#5&quot;, (string) tab[i][3]);

      mapping keys;
      dyn_int lines;
      keys[&quot;#1&quot;] = makeDynString(dpe);
      getValue(&quot;&quot;, &quot;lineNumbers&quot;, keys, lines);

      // find line to set fore color in #5 and button widget in #7
      if (dynlen(lines) &gt; 0)
      {
        this.cellForeColRC(lines[1], &quot;#5&quot;, fontColTime);
        this.cellWidgetRC(lines[1], &quot;#7&quot;, &quot;PushButton&quot;, &quot;...&quot;);
      }

    }
  }
  // filter table
  em_filterTab();
}
]]></script>
   </events>
  </shape>
  <shape Name="rb_filter" layerId="0" shapeType="RADIO_BOX">
   <properties>
    <prop name="serialId">4</prop>
    <prop name="Type"></prop>
    <prop name="RefPoint">908 111</prop>
    <prop name="Enable">True</prop>
    <prop name="Visible">True</prop>
    <prop name="ForeColor">tp_text</prop>
    <prop name="BackColor">_Transparent</prop>
    <prop name="TabOrder">4</prop>
    <prop name="ToolTipText">
     <prop name="de_AT.utf8"></prop>
    </prop>
    <prop name="layoutAlignment">AlignNone</prop>
    <prop name="snapMode">Point</prop>
    <prop name="Font">
     <prop name="de_AT.utf8">Arial,-1,16,5,400,0,0,0,0,0,0,0,0,0,0,1,Regular</prop>
     <prop name="en_US.utf8">Arial,-1,16,5,400,0,0,0,0,0,0,0,0,0,0,1,Regular</prop>
    </prop>
    <prop name="Location">908 111</prop>
    <prop name="Size">235 181</prop>
    <prop name="ShowBackground">False</prop>
    <prop name="Listitems">
     <prop name="Item">
      <prop name="Text">
       <prop name="de_AT.utf8">Alles</prop>
       <prop name="en_US.utf8">All</prop>
      </prop>
      <prop name="Select">True</prop>
     </prop>
     <prop name="Item">
      <prop name="Text">
       <prop name="de_AT.utf8">Strom</prop>
       <prop name="en_US.utf8">Current</prop>
      </prop>
      <prop name="Select">False</prop>
     </prop>
     <prop name="Item">
      <prop name="Text">
       <prop name="de_AT.utf8">Spannung</prop>
       <prop name="en_US.utf8">Voltage</prop>
      </prop>
      <prop name="Select">False</prop>
     </prop>
     <prop name="Item">
      <prop name="Text">
       <prop name="de_AT.utf8">Verbrauch</prop>
       <prop name="en_US.utf8">Consumption</prop>
      </prop>
      <prop name="Select">False</prop>
     </prop>
    </prop>
   </properties>
   <events>
    <script isEscaped="1" name="Clicked"><![CDATA[main(int button)
{
  em_filterTab();
}]]></script>
    <script isEscaped="1" name="Initialize"><![CDATA[main()
{
  this.number(0);
}]]></script>
   </events>
  </shape>
  <shape Name="cb_device" layerId="0" shapeType="COMBO_BOX">
   <properties>
    <prop name="serialId">5</prop>
    <prop name="Type"></prop>
    <prop name="RefPoint">897 52.40000000000001</prop>
    <prop name="Enable">True</prop>
    <prop name="Visible">True</prop>
    <prop name="ForeColor">tp_widgetText</prop>
    <prop name="BackColor">tp_widgetBack</prop>
    <prop name="TabOrder">5</prop>
    <prop name="ToolTipText">
     <prop name="de_AT.utf8"></prop>
    </prop>
    <prop name="layoutAlignment">AlignNone</prop>
    <prop name="snapMode">Point</prop>
    <prop name="Font">
     <prop name="de_AT.utf8">Arial Black,-1,16,5,900,0,0,0,0,0,0,0,0,0,0,1,Regular</prop>
     <prop name="en_US.utf8">Arial Black,-1,16,5,900,0,0,0,0,0,0,0,0,0,0,1,Regular</prop>
    </prop>
    <prop name="Location">897 41</prop>
    <prop name="Size">181 39</prop>
    <prop name="Listitems"/>
    <prop name="Editable">True</prop>
   </properties>
   <events>
    <script isEscaped="1" name="Changed"><![CDATA[main()
{
  em_filterTab();
}]]></script>
    <script isEscaped="1" name="Initialize"><![CDATA[main()
{
  string typename = &quot;em_Energymeter&quot;;
  dyn_string dps = dpNames(&quot;*&quot;,typename);
  dyn_string dpsToShow = makeDynString(&quot;*&quot;);
  for (int i = 1 ; i &lt;= dynlen(dps); i++)
  {
    string dp = dpSubStr(dps[i], DPSUB_DP);
    if(dp != &quot;_mp_&quot;+ typename)
      dynAppend(dpsToShow, dp);
  }
  this.items = dpsToShow;
  this.text = &quot;*&quot;;
}]]></script>
   </events>
  </shape>
  <reference Name="PANEL_REF1" parentSerial="-1" referenceId="0">
   <properties>
    <prop name="FileName">em_Energymeter/em_createNewDevice.xml</prop>
    <prop name="Location">1321 202</prop>
    <prop name="Geometry">1 0 0 1 -161 -161</prop>
    <prop name="TabOrder">17</prop>
    <prop name="layoutAlignment">AlignNone</prop>
   </properties>
  </reference>
  <reference Name="PANEL_REF4" parentSerial="-1" referenceId="1">
   <properties>
    <prop name="FileName">em_Energymeter/em_topicSettings.xml</prop>
    <prop name="Location">1090 410</prop>
    <prop name="Geometry">1 0 0 1 -60 -100</prop>
    <prop name="TabOrder">32</prop>
    <prop name="layoutAlignment">AlignNone</prop>
   </properties>
  </reference>
  <shape Name="PUSH_BUTTON5" layerId="0" shapeType="PUSH_BUTTON">
   <properties>
    <prop name="serialId">55</prop>
    <prop name="Type">con_Style1</prop>
    <prop name="RefPoint">1240 690</prop>
    <prop name="Enable">True</prop>
    <prop name="Visible">True</prop>
    <prop name="ForeColor">tp_buttonText</prop>
    <prop name="BackColor">tp_buttonBack</prop>
    <prop name="TabOrder">33</prop>
    <prop name="ToolTipText">
     <prop name="de_AT.utf8"></prop>
    </prop>
    <prop name="layoutAlignment">AlignNone</prop>
    <prop name="snapMode">Point</prop>
    <prop name="Font">
     <prop name="de_AT.utf8">Arial,-1,16,5,400,0,0,0,0,0,0,0,0,0,0,1,Regular</prop>
     <prop name="en_US.utf8">Arial,-1,16,5,400,0,0,0,0,0,0,0,0,0,0,1,Regular</prop>
    </prop>
    <prop name="Location">1240 674.8333333333333</prop>
    <prop name="Size">321 40</prop>
    <prop name="BorderStyle">Styled</prop>
    <prop name="Text">
     <prop name="de_AT.utf8">Farbumschahltung</prop>
     <prop name="en_US.utf8">switch Color</prop>
    </prop>
   </properties>
   <events>
    <script isEscaped="1" name="Clicked"><![CDATA[main(mapping event)
{
  string actTheme = colorGetActiveScheme();

  colorSetActiveScheme((actTheme == &quot;&quot;) ? &quot;BrandLight&quot; : &quot;&quot;);
}]]></script>
   </events>
  </shape>
  <shape Name="PUSH_BUTTON6" layerId="0" shapeType="PUSH_BUTTON">
   <properties>
    <prop name="serialId">56</prop>
    <prop name="Type">con_Style1</prop>
    <prop name="RefPoint">896.9999999999999 477.3101851851853</prop>
    <prop name="Enable">True</prop>
    <prop name="Visible">True</prop>
    <prop name="ForeColor">tp_buttonText</prop>
    <prop name="BackColor">tp_buttonBack</prop>
    <prop name="TabOrder">34</prop>
    <prop name="ToolTipText">
     <prop name="de_AT.utf8"></prop>
    </prop>
    <prop name="layoutAlignment">AlignNone</prop>
    <prop name="snapMode">Point</prop>
    <prop name="Font">
     <prop name="de_AT.utf8">Arial,-1,16,5,400,0,0,0,0,0,0,0,0,0,0,1,Regular</prop>
     <prop name="en_US.utf8">Noto Sans,-1,16,5,400,0,0,0,0,0,0,0,0,0,0,1</prop>
    </prop>
    <prop name="Location">896.9999999999999 452.1458333333334</prop>
    <prop name="Size">104 66</prop>
    <prop name="BorderStyle">Styled</prop>
    <prop SharedPixmap="1" name="Image">
     <prop name="BackgroundPixmap">SysMgm/40x40/DriverMQTT.png</prop>
    </prop>
   </properties>
   <events>
    <script isEscaped="1" name="Clicked"><![CDATA[// SimpleCtrlScriptStart {valid}
main()
{
  EP_childPanelOn();
}

void EP_childPanelOn()
{
  ChildPanelOnRelativ(&quot;para/mqtt.pnl&quot;,
      &quot;MQTT Client&quot;,
      makeDynString(&quot;&quot;),
      0, 0);
}

// SimpleCtrlScript {EP_childPanelOn}
// Function {ChildPanelOnRelativ}
// File {para/mqtt.pnl}
// Panel {MQTT Client}
// Parent {}
// Module {}
// OffsetX {0}
// OffsetY {0}
// SimpleCtrlScriptEnd {EP_childPanelOn}
]]></script>
   </events>
  </shape>
 </shapes>
</panel>
