<?xml version="1.0" encoding="UTF-8"?>
<panel version="14">
 <properties>
  <prop name="Name">
   <prop name="de_AT.utf8"></prop>
  </prop>
  <prop name="Size">927 400</prop>
  <prop name="BackColor">tp_panelBack</prop>
  <prop name="RefPoint">20 10</prop>
  <prop name="InitAndTermRef">True</prop>
  <prop name="SendClick">False</prop>
  <prop name="RefFileName"></prop>
  <prop name="DPI">96</prop>
  <prop name="PDPI">95.95804195804195</prop>
  <prop name="layoutType">None</prop>
 </properties>
 <shapes>
  <shape Name="RECTANGLE3" layerId="0" shapeType="RECTANGLE">
   <properties>
    <prop name="serialId">0</prop>
    <prop name="Type"></prop>
    <prop name="RefPoint">1220 290</prop>
    <prop name="Enable">True</prop>
    <prop name="Visible">True</prop>
    <prop name="ForeColor">_Transparent</prop>
    <prop name="BackColor">tp_templateBack</prop>
    <prop name="TabOrder">0</prop>
    <prop name="ToolTipText">
     <prop name="de_AT.utf8"></prop>
    </prop>
    <prop name="layoutAlignment">AlignNone</prop>
    <prop name="snapMode">Point</prop>
    <prop name="DashBackColor">_Transparent</prop>
    <prop name="AntiAliased">False</prop>
    <prop name="LineType">[solid,oneColor,JoinBevel,CapProjecting,1]</prop>
    <prop name="BorderZoomable">False</prop>
    <prop name="BorderScalable">False</prop>
    <prop name="FillType">[solid]</prop>
    <prop name="Geometry">1.3625 0 0 1.396 -1642.25 -394.84</prop>
    <prop name="BorderStyle">Normal</prop>
    <prop name="Location">1220 290</prop>
    <prop name="Size">401 251</prop>
    <prop name="CornerRadius">0</prop>
    <prop name="Transformable">True</prop>
   </properties>
  </shape>
  <shape Name="elementTab" layerId="0" shapeType="TABLE">
   <properties>
    <prop name="serialId">1</prop>
    <prop name="Type"></prop>
    <prop name="RefPoint">35 80</prop>
    <prop name="Enable">True</prop>
    <prop name="Visible">True</prop>
    <prop name="ForeColor">tp_text</prop>
    <prop name="BackColor">tp_widgetBack</prop>
    <prop name="TabOrder">1</prop>
    <prop name="ToolTipText">
     <prop name="de_AT.utf8"></prop>
    </prop>
    <prop name="layoutAlignment">AlignNone</prop>
    <prop name="snapMode">Point</prop>
    <prop name="Font">
     <prop name="de_AT.utf8">Arial,-1,16,5,400,0,0,0,0,0,0,0,0,0,0,1,Regular</prop>
     <prop name="en_US.utf8">Arial,-1,16,5,400,0,0,0,0,0,0,0,0,0,0,1,Regular</prop>
    </prop>
    <prop name="Location">35 80</prop>
    <prop name="Size">510 211</prop>
    <prop name="ShowColumnHeader">True</prop>
    <prop name="ShowRowHeader">False</prop>
    <prop name="SortOnClick">True</prop>
    <prop name="TabKeyCellFocus">False</prop>
    <prop name="EditOnKeyNavigation">False</prop>
    <prop name="RowHeight">25</prop>
    <prop name="RowHeaderWidth">0</prop>
    <prop name="GridType">Cross</prop>
    <prop name="VScrollBarMode">Auto</prop>
    <prop name="HScrollBarMode">Auto</prop>
    <prop name="Column">
     <prop name="Name">#1</prop>
     <prop name="Width">60</prop>
     <prop name="Visible">True</prop>
     <prop name="Editable">False</prop>
     <prop name="Label">
      <prop name="de_AT.utf8">Typname|Element</prop>
      <prop name="en_US.utf8">Type name|Element</prop>
     </prop>
     <prop name="ToolTipText">
      <prop name="de_AT.utf8"></prop>
     </prop>
    </prop>
    <prop name="Column">
     <prop name="Name">#2</prop>
     <prop name="Width">150</prop>
     <prop name="Visible">True</prop>
     <prop name="Editable">True</prop>
     <prop name="Label">
      <prop name="de_AT.utf8">Topic Postfix</prop>
      <prop name="en_US.utf8">Topic Postfix</prop>
     </prop>
     <prop name="ToolTipText">
      <prop name="de_AT.utf8"></prop>
     </prop>
    </prop>
    <prop name="Column">
     <prop name="Name">#3</prop>
     <prop name="Width">150</prop>
     <prop name="Visible">False</prop>
     <prop name="Editable">True</prop>
     <prop name="Label">
      <prop name="de_AT.utf8">#3</prop>
      <prop name="en_US.utf8">#3</prop>
     </prop>
     <prop name="ToolTipText">
      <prop name="de_AT.utf8"></prop>
     </prop>
    </prop>
   </properties>
   <events>
    <script isEscaped="1" name="Clicked"><![CDATA[main(int row, string column, anytype value, anytype oldValue)
{
  if(column == &quot;#2&quot;)
  {
    this.cellBackColRC(row, column, &quot;tp_widgetText&quot;);
    apply.enabled = 1;
  }
}]]></script>
    <script isEscaped="1" name="Initialize"><![CDATA[main()
{
    string sHeader = &quot;QHeaderView::section {background-color: #5C6E78; color: white; padding-left: 4px; border: 1px solid #5C6E78;}&quot;;
  sHeader = sHeader + &quot;QTableCornerButton::section { background-color:#5C6E78; }&quot;;
  sHeader = sHeader + &quot;QHeaderView{background-color: #5C6E78; }&quot;;

  this.styleSheet = sHeader;
  this.columnStretchable(0, 1);
  this.alternatingRowColors(makeDynString(&quot;tp_alterCol1&quot;, &quot;tp_alterCol2&quot;));

    string query = &quot;SELECT '_online.._value' FROM '{*.postfix}' WHERE _DPT = \&quot;&quot; + &quot;_em_mqtt_topic_setting&quot; + &quot;\&quot;&quot;;


  dpQueryConnectSingle(&quot;em_settings&quot;, 1, &quot;userData&quot;, query);
}

void em_settings(string userData, dyn_dyn_anytype tab)
{

  int i;

  for (i = 2; i &lt;= dynlen(tab); i++)
  {
    string dp = dpSubStr(tab[i][1], DPSUB_DP);
    this.updateLine(1, &quot;#1&quot;, dp, &quot;#2&quot;, tab[i][2], &quot;#3&quot;, tab[i][2]);
  }
}]]></script>
   </events>
  </shape>
  <shape Name="PRIMITIVE_TEXT5" layerId="0" shapeType="PRIMITIVE_TEXT">
   <properties>
    <prop name="serialId">2</prop>
    <prop name="Type"></prop>
    <prop name="RefPoint">35 50</prop>
    <prop name="Enable">True</prop>
    <prop name="Visible">True</prop>
    <prop name="ForeColor">tp_text</prop>
    <prop name="BackColor">_Window</prop>
    <prop name="TabOrder">2</prop>
    <prop name="ToolTipText">
     <prop name="de_AT.utf8"></prop>
    </prop>
    <prop name="layoutAlignment">AlignNone</prop>
    <prop name="snapMode">Point</prop>
    <prop name="DashBackColor">_Transparent</prop>
    <prop name="AntiAliased">False</prop>
    <prop name="LineType">[solid,oneColor,JoinBevel,CapProjecting,1]</prop>
    <prop name="BorderZoomable">False</prop>
    <prop name="BorderScalable">False</prop>
    <prop name="FillType">[outline]</prop>
    <prop name="Location">35 50</prop>
    <prop name="Font">
     <prop name="de_AT.utf8">Arial,-1,16,5,400,0,0,0,0,0,0,0,0,0,0,1,Regular</prop>
     <prop name="en_US.utf8">Noto Sans,-1,16,5,400,0,0,0,0,0,0,0,0,0,0,1</prop>
    </prop>
    <prop name="Text">
     <prop name="de_AT.utf8">Element Topic Name = Default + Device-Topic + Prefix</prop>
     <prop name="en_US.utf8">Element Topic Name = Default + Device-Topic + Prefix</prop>
    </prop>
    <prop name="Distance">2</prop>
    <prop name="BorderOffset">2</prop>
    <prop name="Bordered">False</prop>
    <prop name="Fit">True</prop>
    <prop name="Transformable">False</prop>
    <prop name="TextFormat">[0s,,,AlignLeft]</prop>
   </properties>
  </shape>
  <shape Name="apply" layerId="0" shapeType="PUSH_BUTTON">
   <properties>
    <prop name="serialId">3</prop>
    <prop name="Type">con_Style1</prop>
    <prop name="RefPoint">225 320</prop>
    <prop name="Enable">False</prop>
    <prop name="Visible">True</prop>
    <prop name="ForeColor">tp_buttonText</prop>
    <prop name="BackColor">tp_buttonBack</prop>
    <prop name="TabOrder">3</prop>
    <prop name="ToolTipText">
     <prop name="de_AT.utf8"></prop>
    </prop>
    <prop name="layoutAlignment">AlignNone</prop>
    <prop name="snapMode">Point</prop>
    <prop name="Font">
     <prop name="de_AT.utf8">Arial,-1,16,5,400,0,0,0,0,0,0,0,0,0,0,1,Regular</prop>
     <prop name="en_US.utf8">Arial,-1,16,5,400,0,0,0,0,0,0,0,0,0,0,1,Regular</prop>
    </prop>
    <prop name="Location">225 304.8333333333333</prop>
    <prop name="Size">321 40</prop>
    <prop name="BorderStyle">Styled</prop>
    <prop name="Text">
     <prop name="de_AT.utf8">Änderungen übernehmen</prop>
     <prop name="en_US.utf8">Apply changes</prop>
    </prop>
   </properties>
   <events>
    <script isEscaped="1" name="Clicked"><![CDATA[main(mapping event)
{
  int count = elementTab.lineCount();
  for(int i = 0; i &lt;= count-1 ; i++)
  {
    dyn_anytype values = elementTab.getLineN(i);
    elementTab.cellBackColRC(i, &quot;#2&quot;, &quot;&quot;);
    dpSet(values[1] + &quot;.postfix&quot;, values[2]);
  }
  this.enabled = false;
}]]></script>
   </events>
  </shape>
  <shape Name="PRIMITIVE_TEXT6" layerId="0" shapeType="PRIMITIVE_TEXT">
   <properties>
    <prop name="serialId">4</prop>
    <prop name="Type"></prop>
    <prop name="RefPoint">35 20</prop>
    <prop name="Enable">True</prop>
    <prop name="Visible">True</prop>
    <prop name="ForeColor">tp_text</prop>
    <prop name="BackColor">_Window</prop>
    <prop name="TabOrder">4</prop>
    <prop name="ToolTipText">
     <prop name="de_AT.utf8"></prop>
    </prop>
    <prop name="layoutAlignment">AlignNone</prop>
    <prop name="snapMode">Point</prop>
    <prop name="DashBackColor">_Transparent</prop>
    <prop name="AntiAliased">False</prop>
    <prop name="LineType">[solid,oneColor,JoinBevel,CapProjecting,1]</prop>
    <prop name="BorderZoomable">False</prop>
    <prop name="BorderScalable">False</prop>
    <prop name="FillType">[outline]</prop>
    <prop name="Location">35 20</prop>
    <prop name="Font">
     <prop name="de_AT.utf8">Arial,-1,16,5,400,0,0,0,0,0,0,0,0,0,0,1,Regular</prop>
     <prop name="en_US.utf8">Noto Sans,-1,16,5,400,0,0,0,0,0,0,0,0,0,0,1</prop>
    </prop>
    <prop name="Text">
     <prop name="de_AT.utf8">Topic Settings für neue Devices</prop>
     <prop name="en_US.utf8">Topic Settings for new devices</prop>
    </prop>
    <prop name="Distance">2</prop>
    <prop name="BorderOffset">2</prop>
    <prop name="Bordered">False</prop>
    <prop name="Fit">True</prop>
    <prop name="Transformable">False</prop>
    <prop name="TextFormat">[0s,,,AlignLeft]</prop>
   </properties>
  </shape>
 </shapes>
</panel>
